el_cycle,from_stmt,to_stmt,office,cand_name,cand_id,boro_dist,termnd,incumbent,cntrs_no,cntns_no,net_cntns,match_amt,i_no,i_cntns_no,i_amt,sml_no,sml_amt,pubfnd_pmt,net_expnd,cand_class_cd,max_no,max_amt,limit,outstanding_bills
2025,1,13,1,"Actille, Treasure (ID:2621-P) *",2621,(),Y,,2,2,130,0,0,0,0,2,130,0,130,P,0,0,2100,0
2025,1,13,1,"Adams, Adrienne (ID:2063-P)",2063,(),N,,5139,6692,613652.95,329378,6,142,32829.08,4758,345430.26,2481020,3087473.78,P,38,79800,2100,3000
2025,1,13,1,"Adams, Eric (ID:1545-P)",1545,(),N,,6924,7673,6710061.99,786553,12,170,126860,2431,439115.1,0,3324460.02,P,1653,3474397.38,2100,98604.54
2025,1,13,1,"Alny, Joe (ID:2881-P)",2881,(),N,,6,7,776.5,500,0,0,0,4,425,0,1001.78,P,0,0,2100,136.5
2025,1,13,1,"Anglade, Jean (ID:2912-P)",2912,(),N,,5,5,323.25,0,0,0,0,5,323.25,0,6.28,P,0,0,2100,0
2025,1,13,1,"Aquino, Darren (ID:1961-P) *",1961,(),Y,,4,0,0,0,0,0,0,0,0,0,0,P,0,0,2100,6760.58
2025,1,13,1,"Armstead, Eric (ID:1980-P)",1980,(),N,,0,0,0,0,0,0,0,0,0,0,15,P,0,0,2100,0
2025,1,13,1,"Armstrong, Claire (ID:2864-P) *",2864,(),Y,,1,1,100,0,0,0,0,1,100,0,0,P,0,0,2100,0
2025,1,13,1,"Bartholomew, Dr. Selma (ID:2981-P)",2981,(),N,,31,33,2925.27,1411,0,0,0,29,2381,0,2305.38,P,0,0,2100,289.27
2025,1,13,1,"Ben Zakar, Adam (ID:2959-NP) *",2959,(),Y,,1,4,176.37,0,0,0,0,1,176.37,0,176.37,NP,0,0,2100,0
2025,1,13,1,"Blake, Michael (ID:2193-P)",2193,(),N,,2930,3424,565567.57,273604,2,19,4750,2565,340741.67,2096907,2577955.3,P,29,60900,2100,0
2025,1,13,1,"Burwick, Max (ID:3054-NP)",3054,(),N,,0,0,0,0,0,0,0,0,0,0,0,NP,0,0,2100,0
2025,1,13,1,"Coley, Naomi (ID:2947-P) *",2947,(),Y,,0,0,0,0,0,0,0,0,0,0,0,P,0,0,2100,0
2025,1,13,1,"Cuomo, Andrew (ID:2993-P)",2993,(),N,,8840,10263,5436669.26,1084956,85,3370,2701659.2,5095,729946.97,4737554,8857701.39,P,1472,3103075,2100,13489.25
2025,1,13,1,"Easton, Andre (ID:3028-NP) *",3028,(),Y,,0,0,0,0,0,0,0,0,0,0,0,NP,0,0,2100,0
2025,1,13,1,"Estrada, Irene (ID:2720-P)",2720,(),N,,20,21,810,465,0,0,0,20,810,0,29.84,P,0,0,2100,0
2025,1,13,1,"Fisher, Corinne (ID:2945-P) *",2945,(),Y,,2173,2697,123613.55,20824,0,0,0,2102,90483.55,0,139795.47,P,3,10500,2100,0
2025,1,13,1,"Fishermen, Allen (ID:3014-P)",3014,(),N,,0,0,0,0,0,0,0,0,0,0,0,P,0,0,2100,0
2025,1,13,1,"Fitzgerald, Cleopatra (ID:2336-P) *",2336,(),Y,,3,5,269.45,500,0,0,0,1,11.3,0,269.45,P,0,0,2100,0
2025,1,13,1,"Gillespie, Dr. Brandon (ID:2990-P)",2990,(),N,,8,7,457.09,50,0,0,0,5,457.09,0,32.08,P,0,0,2100,173.71
2025,1,13,1,"Gutierrez, Kyle (ID:3015-NP) *",3015,(),Y,,0,0,0,0,0,0,0,0,0,0,0,NP,0,0,2100,0
2025,1,13,1,"Harris, John (ID:2862-P) *",2862,(),Y,,1,1,100,0,0,0,0,1,100,0,3.5,P,0,0,2100,0
2025,1,13,1,"Hellman, Rose (ID:3056-NP)",3056,(),N,,4,7,643.4,0,0,0,0,2,26,0,585.91,NP,0,0,2100,25
2025,1,13,1,"Hernandez, Joseph (ID:3034-P)",3034,(),N,,218,225,47259.64,0,0,0,0,198,13497,0,228160.73,P,4,26587.64,2100,27202.64
2025,1,13,1,"Huq, Md (ID:2869-P) *",2869,(),Y,,24,32,1605.97,90,0,0,0,23,605.97,0,1585.97,P,0,0,2100,0
2025,1,13,1,"Iwachiw, Walter (ID:494-NP) *",494,(),Y,,0,0,0,0,0,0,0,0,0,0,0,NP,0,0,2100,0
2025,1,13,1,"Joyner, Scott (ID:1505-P) *",1505,(),Y,,11,11,555,0,0,0,0,11,555,0,158.45,P,0,0,2100,0
2025,1,13,1,"Krishna, Gowri (ID:3040-NP)",3040,(),N,,1,2,16017.37,0,0,0,0,0,0,0,3700,NP,1,16017.37,2100,12317.37
2025,1,13,1,"Lander, Brad (ID:1164-P)",1164,(),N,,8475,17302,1834677.69,871281,1,16,4600,6953,640883.26,6417738,7905772.59,P,173,366627.13,2100,4909.15
2025,1,13,1,"Laurel-Smith, Abbey (ID:1752-P)",1752,(),N,,7,8,862,422,0,0,0,6,362,0,19671.69,P,0,0,2100,0
2025,1,13,1,"Leonard, James (ID:3009-P) *",3009,(),Y,,1,3,827.02,0,0,0,0,0,0,0,827.02,P,0,0,2100,0
2025,1,13,1,"Lerman, Brian (ID:2941-P) *",2941,(),Y,,14,14,100,100,0,0,0,1,100,0,69.99,P,0,0,2100,0
2025,1,13,1,"Levy, Deirdre (ID:2429-P) *",2429,(),Y,,148,159,12787.94,5718,0,0,0,141,7807.94,0,9501.38,P,1,2100,2100,1700
2025,1,13,1,"Levy, Genesis (ID:3057-NP)",3057,(),N,,0,0,0,0,0,0,0,0,0,0,0,NP,0,0,2100,0
2025,1,13,1,"Lewis, Shanequa (ID:3012-P)",3012,(),N,,1,1,100,100,0,0,0,1,100,0,0,P,0,0,2100,0
2025,1,13,1,"Lord, Kris (ID:3002-NP)",3002,(),N,,0,0,0,0,0,0,0,0,0,0,0,NP,0,0,2100,0
2025,1,13,1,"Mailhot, Paul (ID:3021-NP)",3021,(),N,,0,0,0,0,0,0,0,0,0,0,0,NP,0,0,2100,0
2025,1,13,1,"Mamdani, Zohran (ID:2899-P)",2899,(),N,,40515,53709,3989509.13,1716371,15,1266,119630.33,38089,2210214.58,11758008,10311178.91,P,266,564380,2100,383841.18
2025,1,13,1,"Manning, James (ID:2897-P)",2897,(),N,,98,285,40658,6747,0,0,0,70,3662,0,38350.35,P,7,18200,2100,45000
2025,1,13,1,"Martinez, Jean (ID:2992-P) *",2992,(),Y,,0,0,0,0,0,0,0,0,0,0,0,P,0,0,2100,0
2025,1,13,1,"Miller, Terrell (ID:2572-P) *",2572,(),Y,,3,3,110,0,0,0,0,1,110,0,68.15,P,0,0,2100,0
2025,1,13,1,"Morales, Salvador (ID:2074-P) *",2074,(),Y,,0,0,40,0,0,0,0,0,40,0,40,P,0,0,2100,0
2025,1,13,1,"Moseley, Montell (ID:1934-P)",1934,(),N,,4,7,165,0,0,0,0,4,165,0,0,P,0,0,2100,0
2025,1,13,1,"Myrie, Zellnor (ID:2857-P)",2857,(),N,,4903,8117,954014.82,444776,41,679,157340,4260,389118.83,3532810,4444809.86,P,126,264600,2100,2123.1
2025,1,13,1,"Nahom, Ronen (ID:2963-P)",2963,(),N,,18,16,1350,916,0,0,0,16,1350,0,19724.78,P,0,0,2100,29720
2025,1,13,1,"Nouinou, Fatimazohra (ID:2873-P)",2873,(),N,,4,10,425.02,0,0,0,0,4,425.02,0,423.83,P,0,0,2100,0
2025,1,13,1,"Odula, Mathieu (ID:2841-P) *",2841,(),Y,,0,0,0,0,0,0,0,0,0,0,0,P,0,0,2100,0
2025,1,13,1,"Osborne, Alaska (ID:3045-NP) *",3045,(),Y,,0,0,0,0,0,0,0,0,0,0,0,NP,0,0,2100,0
2025,1,13,1,"Pelinkovic, Mustafa (ID:2953-P) *",2953,(),Y,,3,3,549,450,0,0,0,3,549,0,200,P,0,0,2100,0
2025,1,13,1,"Prince, Paperboy (ID:2525-P)",2525,(),N,,4,4,165,0,0,0,0,4,165,0,1.03,P,0,0,2100,0
2025,1,13,1,"Ramos, Jessica (ID:2884-P)",2884,(),N,,2132,2958,288832.46,139400,14,113,20360,1936,140791.7,0,272762.74,P,29,60900,2100,141813.04
2025,1,13,1,"Rem, David (ID:2943-P) *",2943,(),Y,,0,0,0,0,0,0,0,0,0,0,0,P,0,0,2100,0
2025,1,13,1,"Ross, Javon (ID:2883-NP)",2883,(),N,,0,0,0,0,0,0,0,0,0,0,0,NP,0,0,2100,0
2025,1,13,1,"Shaende, Jonas (ID:3003-P) *",3003,(),Y,,3,3,150,0,0,0,0,2,150,0,1.75,P,0,0,2100,25
2025,1,13,1,"Sifontes, Stephen (ID:2854-P) *",2854,(),Y,,0,0,0,0,0,0,0,0,0,0,0,P,0,0,2100,0
2025,1,13,1,"Sliwa, Curtis (ID:2618-P)",2618,(),N,,10443,14165,1302714.63,662441,0,0,0,9607,789849.05,3299337,2353725.17,P,34,77650,2100,424.85
2025,1,13,1,"Solo, Ebon (ID:3016-P) *",3016,(),Y,,0,0,0,0,0,0,0,0,0,0,0,P,0,0,2100,0
2025,1,13,1,"Sonnino, Edward (ID:2716-NP) *",2716,(),Y,,0,0,0,0,0,0,0,0,0,0,0,NP,0,0,2100,0
2025,1,13,1,"Stachel, Karen (ID:3004-P)",3004,(),N,,1,1,100,0,0,0,0,1,100,0,86.3,P,0,0,2100,0
2025,1,13,1,"Steinberger, Ean (ID:3008-P) *",3008,(),Y,,0,0,0,0,0,0,0,0,0,0,0,P,0,0,2100,0
2025,1,13,1,"Stora, Skiboky (ID:2735-P) *",2735,(),Y,,0,0,0,0,0,0,0,0,0,0,0,P,0,0,2100,0
2025,1,13,1,"Stringer, Scott (ID:148-P)",148,(),N,,5054,8588,1122837.57,576668,29,324,74161,4316,513340.04,4418651,5347367.38,P,87,183638,2100,0
2025,1,13,1,"Tilson, Whitney (ID:2920-P)",2920,(),N,,2720,3273,802448.38,306577,2,132,70089,2262,332072.16,2349364,3008169.97,P,135,284161.91,2100,29468.64
2025,1,13,1,"Trent, Phoenix (ID:3053-NP)",3053,(),N,,2,2,400,0,0,0,0,2,400,0,15,NP,0,0,2100,0
2025,1,13,1,"Walden, James (ID:2903-P) *",2903,(),Y,,2359,2818,1035662.86,306981,14,89,61950,1791,282859.4,2310749,2481653.08,P,253,538419.57,2100,3030.03
2025,1,13,1,"Ward, Tabitha (ID:2866-NP)",2866,(),N,,0,0,0,0,0,0,0,0,0,0,0,NP,0,0,2100,0
2025,1,13,1,"Weiss, Donald (ID:3051-NP)",3051,(),N,,0,0,0,0,0,0,0,0,0,0,0,NP,0,0,2100,0
2025,1,13,1,"Williams, Natalie (ID:2901-P) *",2901,(),Y,,0,0,0,0,0,0,0,0,0,0,0,P,0,0,2100,0
2025,1,13,1,"York, Dana (ID:3044-NP)",3044,(),N,,0,0,0,0,0,0,0,0,0,0,0,NP,0,0,2100,0
2025,1,13,2,"Aquino, Angela (ID:2855-NP) *",2855,(),Y,,1675,1710,135288.21,0,0,0,0,1667,130652.21,0,143338.51,NP,0,0,2100,55.07
2025,1,13,2,"Bauer, Chris (ID:2994-NP) *",2994,(),Y,,5,5,375,0,0,0,0,5,375,0,374.63,NP,0,0,2100,0
2025,1,13,2,"Chino-Tavarez, Theo (ID:844-P) *",844,(),Y,,0,0,0,0,0,0,0,0,0,0,0,P,0,0,2100,0
2025,1,13,2,"Dolan, Martin (ID:2879-NP)",2879,(),N,,130,145,56493.69,0,0,0,0,112,18046,0,56244.6,NP,3,27297.69,2100,23600
2025,1,13,2,"Duran, Gonzalo (ID:2785-P)",2785,(),N,,16,18,2075,30,0,0,0,15,1575,0,63.83,P,0,0,2100,0
2025,1,13,2,"Joyner, John (ID:1915-NP) *",1915,(),Y,,0,0,0,0,0,0,0,0,0,0,0,NP,0,0,2100,0
2025,1,13,2,"Matthew, Christian (ID:2890-P) *",2890,(),Y,,0,0,0,0,0,0,0,0,0,0,0,P,0,0,2100,0
2025,1,13,2,"Mccleery, Malissa (ID:2968-P) *",2968,(),Y,,0,0,0,0,0,0,0,0,0,0,0,P,0,0,2100,0
2025,1,13,2,"Medina, Sarah (ID:2832-P) *",2832,(),Y,,27,28,1552,0,0,0,0,25,1552,0,52.55,P,0,0,2100,17.62
2025,1,13,2,"Monroe, Diamond (ID:2875-P) *",2875,(),Y,,0,0,0,0,0,0,0,0,0,0,0,P,0,0,2100,0
2025,1,13,2,"Rajkumar, Jenifer (ID:1682-P)",1682,(),N,,1375,1512,491158.42,203906,3,30,5750,1144,229428.72,1577680,1822441.41,P,80,173565.7,2100,61415.64
2025,1,13,2,"Williams, Jumaane (ID:1227-P)",1227,(),N,,2034,3209,387539.31,178964,2,5,1250,1756,165751.73,1311163,1634692.42,P,33,69300,2100,7732.12
2025,1,13,2,"Williams, Sherena (ID:2878-P) *",2878,(),Y,,0,0,0,0,0,0,0,0,0,0,0,P,0,0,2100,0
2025,1,13,3,"Brannan, Justin (ID:1990-P)",1990,(),N,,3756,5415,917399.15,405894,4,59,14476,3028,341217.15,3038200,3912785.45,P,84,179900,2100,1667.74
2025,1,13,3,"Endeley, Saint Jermaine (ID:2870-P) *",2870,(),Y,,0,0,0,0,0,0,0,0,0,0,0,P,0,0,2100,0
2025,1,13,3,"Kefalas, Peter (ID:2965-P)",2965,(),N,,0,0,807.48,0,0,0,0,0,0,0,547.15,P,0,0,2100,0
2025,1,13,3,"Levine, Mark (ID:311-P)",311,(),N,,4563,6402,1359611.39,569018,5,67,21395.4,3525,474112.88,4039378,5359733.74,P,136,285630,2100,35000
2025,1,13,3,"Maio, Danniel (ID:416-P)",416,(),N,,13,14,5825,1875,0,0,0,8,825,0,4274.18,P,0,0,2100,0
2025,1,13,3,"Malave, Ismael (ID:2842-P)",2842,(),N,,783,1106,123566.11,59063,1,63,6175,698,64666.11,0,105600.39,P,8,19550,2100,17500
2025,1,13,3,"Parker, Kevin (ID:466-P)",466,(),N,,532,681,93707.53,34473,0,0,0,475,49674.53,0,89460.8,P,11,23100,2100,9175
2025,1,13,4,"Acquafredda, Janine (ID:2988-P)",2988,(Bk),N,,469,632,67251,48030,2,15,1500,431,46216,0,39691.36,P,3,4800,1600,7418.63
2025,1,13,4,"Chang, Wayne (ID:2957-P) *",2957,(Bk),Y,,0,0,0,0,0,0,0,0,0,0,0,P,0,0,1600,0
2025,1,13,4,"Colombo, Michael (ID:2898-P)",2898,(SI),N,,751,1169,48550.5,35653,1,4,200,728,36295.5,235249,264958.76,P,0,0,1600,0
2025,1,13,4,"Del Valle, Von (ID:2849-P)",2849,(Q),N,,1,1,10,0,0,0,0,1,10,0,0,P,0,0,1600,0
2025,1,13,4,"Edwards, Khari (ID:1597-P)",1597,(Bk),N,,1231,1781,210685.2,98145,0,0,0,1047,106082.5,782960,992180.59,P,13,22300,1600,977.7
2025,1,13,4,"Fossella, Vito (ID:2721-P)",2721,(SI),N,,291,327,103630.3,35035,0,0,0,169,26105,176225,36703.55,P,8,13600,1600,7803
2025,1,13,4,"Gibson, Vanessa (ID:1707-P)",1707,(Bx),N,,1738,2524,472863.98,110973,11,45,14225,1274,139132.98,815795,1208726.32,P,79,128000,1600,37204.44
2025,1,13,4,"Gomez, Rolando (ID:3055-NP)",3055,(M),N,,0,0,0,0,0,0,0,0,0,0,0,NP,0,0,1600,0
2025,1,13,4,"Grimes, Bashek (ID:2877-P) *",2877,(Q),Y,,0,0,0,0,0,0,0,0,0,0,0,P,0,0,1600,0
2025,1,13,4,"Hoylman-Sigal, Brad (ID:296-P)",296,(M),N,,1803,2673,486595.48,181177,2,22,7400,1425,167745.18,1340246,1825982.62,P,104,168400,1600,3000
2025,1,13,4,"Ikezi, Henry (ID:2833-P)",2833,(Q),N,,156,174,28535,10870,0,0,0,138,12495,0,19576.28,P,2,4200,1600,26.13
2025,1,13,4,"Marrero, Grace (ID:2777-P)",2777,(Bx),N,,11,15,778.21,175,1,1,25,11,778.21,0,543.21,P,0,0,1600,0
2025,1,13,4,"McPhatter, Shanduke (ID:2486-P) *",2486,(Bk),Y,,0,0,0,0,0,0,0,0,0,0,0,P,0,0,1600,0
2025,1,13,4,"Peters, Dwight (ID:2960-P) *",2960,(Bx),Y,,1,1,0,0,0,0,0,0,0,0,0,P,0,0,1600,0
2025,1,13,4,"Powers, Keith (ID:1938-P)",1938,(M),N,,1765,2246,505648.98,155568,2,29,5345,1341,160016.28,1171279,1670919.74,P,104,169923.55,1600,6272.91
2025,1,13,4,"Reynoso, Antonio (ID:1550-P)",1550,(Bk),N,,1503,2103,387891.01,134504,3,21,3865,1145,125828.01,991216,1283343.64,P,60,96750,1600,14849.98
2025,1,13,4,"Richards, Donovan (ID:1190-P)",1190,(Q),N,,1007,1442,317900.68,81749,0,0,0,638,72855.22,426596,396762.2,P,50,80320,1600,0
2025,1,13,4,"Roque, Erwin (ID:2936-P) *",2936,(Q),Y,,1,1,60,60,0,0,0,1,60,0,0,P,0,0,1600,0
2025,1,13,4,"Salamanca, Rafael (ID:1902-P)",1902,(Bx),N,,818,889,347424.75,62133,8,95,21995,515,61749.75,444234,1168197.67,P,100,162700,1600,1558.8
2025,1,13,4,"Sun, Calvin (ID:2858-P)",2858,(M),N,,962,1230,138689.45,56328,2,16,1975,842,81952.43,435704,496950.41,P,6,11950,1600,5750.02
2025,1,13,5,"Abreu, Shaun (ID:2243-P)",2243,(07),N,,601,661,109448.93,40135,4,69,29860.14,526,52811.43,313330,288069.92,P,31,32550,1050,0
2025,1,13,5,"Aiken, David (ID:2598-P)",2598,(21),N,,306,312,18617,15267,0,0,0,289,17742,110720,134056.5,P,0,0,1050,7272
2025,1,13,5,"Alayeto, Clarisa (ID:2886-P)",2886,(08),N,,533,641,41463,21486,0,0,0,519,35388,163392,156726.12,P,4,4200,1050,28539
2025,1,13,5,"Aldebol, Shirley (ID:2902-P)",2902,(13),N,,524,667,72320.15,36905,0,0,0,477,42895.15,230158,243200.73,P,13,13650,1050,7081.59
2025,1,13,5,"Alexandre, Dominique (ID:2894-P) *",2894,(41),Y,,0,0,0,0,0,0,0,0,0,0,0,P,0,0,1050,0
2025,1,13,5,"Altidor, Kenny (ID:2952-P) *",2952,(46),Y,,203,210,22505,6550,0,0,0,182,8065,0,721.94,P,11,11550,1050,13000
2025,1,13,5,"Ariola, Joann (ID:504-P)",504,(32),N,,323,369,56276,30470,1,14,2450,291,34348,0,12686.47,P,9,9450,1050,350
2025,1,13,5,"Arnwine, Dante (ID:2880-P)",2880,(41),N,,217,251,16532.96,8653,0,0,0,208,9707.71,66424,76822.46,P,3,5425.25,1050,4703.82
2025,1,13,5,"Aronson, Vanessa (ID:2047-P)",2047,(04),N,,471,863,111993.39,37229,1,3,300,361,34168,202667,312271.4,P,34,37800,1050,0
2025,1,13,5,"Ashiq, Abubakar (ID:2906-P) *",2906,(25),Y,,17,9,1120,460,0,0,0,9,560,0,71.12,P,0,0,1050,143.24
2025,1,13,5,"Ashman, Dion (ID:2839-P)",2839,(35),N,,309,495,45654,24966,0,0,0,267,27056,197368,231015.36,P,1,1050,1050,0
2025,1,13,5,"Athayde, Kyle (ID:3011-P)",3011,(04),N,,182,217,29189.16,18504,0,0,0,164,17564.16,112579,83660.77,P,6,6475,1050,0
2025,1,13,5,"Aulbach-Sidibe, Daniel (ID:2837-P) *",2837,(08),Y,,116,130,18889.51,5206,0,0,0,101,7489,0,18889.51,P,4,4450,1050,0
2025,1,13,5,"Aviles, Alexa (ID:2306-P)",2306,(38),N,,828,1098,83907.8,50731,0,0,0,774,55390,381204,199830.03,P,10,10500,1050,2714.83
2025,1,13,5,"Banks, Christopher (ID:1683-P)",1683,(42),N,,117,118,19635,0,1,19,1900,102,9035,0,16459.62,P,5,5250,1050,550
2025,1,13,5,"Barsamian, Dikran (ID:2975-P)",2975,(47),N,,259,266,39025,21140,0,0,0,235,20775,165320,174856.05,P,6,7750,1050,0
2025,1,13,5,"Batchu, Sarah (ID:2835-P)",2835,(02),N,,663,938,89675.55,39518,3,18,215,588,45288.44,202667,282124.26,P,20,21000,1050,68.38
2025,1,13,5,"Batista, Anthony (ID:2757-P) *",2757,(47),Y,,17,17,1100,950,0,0,0,17,1100,0,147.01,P,0,0,1050,0
2025,1,13,5,"Batts, Jeffery Kazembe (ID:3006-P) *",3006,(36),Y,,26,26,860,760,0,0,0,26,860,0,860,P,0,0,1050,0
2025,1,13,5,"Belfield, Terrell (ID:3024-P) *",3024,(42),Y,,13,13,500,0,0,0,0,13,500,0,0,P,0,0,1050,0
2025,1,13,5,"Berry, Neil (ID:2958-P)",2958,(49),N,,42,46,4230,1260,0,0,0,42,4230,0,2685,P,0,0,1050,0
2025,1,13,5,"Blas, Sarah (ID:2891-P)",2891,(49),N,,334,400,22220,18777,0,0,0,310,19459,86546,99251.54,P,1,1076,1050,11687.37
2025,1,13,5,"Bondy, Faith (ID:2863-P)",2863,(04),N,,348,458,94121,32874,2,3,3150,260,31184,202667,294297.69,P,23,24150,1050,0
2025,1,13,5,"Bonsell, Alina (ID:3010-P)",3010,(05),N,,321,431,33889.99,18609,0,0,0,291,19021.15,56536,52430.08,P,4,5167.26,1050,25770
2025,1,13,5,"Bottcher, Erik (ID:2312-P)",2312,(03),N,,686,748,150636.98,55553,7,146,37323,545,62759.11,248151,151550.15,P,22,23100,1050,65
2025,1,13,5,"Brewer, Gale (ID:399-P)",399,(06),N,,150,153,28533,12583,0,0,0,132,16058,0,22265.36,P,5,7200,1050,17500
2025,1,13,5,"Brooks-Powers, Selvena (ID:1624-NP)",1624,(31),N,,533,683,208105.17,0,3,24,6000,373,59634.17,0,142817.97,NP,55,86125,1050,375
2025,1,13,5,"Brown, Elijah (ID:2980-P)",2980,(41),N,,115,119,7120,1170,0,0,0,111,6020,0,6699.54,P,0,0,1050,1600
2025,1,13,5,"Brown, Telee (ID:2985-P)",2985,(49),N,,225,250,16660,15370,0,0,0,223,16660,90120,100955.93,P,0,0,1050,2100
2025,1,13,5,"Buthorn, John (ID:2971-P)",2971,(51),N,,135,168,21500,10005,0,0,0,118,8780,67850,81312.93,P,3,5220,1050,0
2025,1,13,5,"Caban, Tiffany (ID:2436-P)",2436,(22),N,,688,997,70983.07,34848,0,0,0,647,40524.57,0,68000.82,P,14,14700,1050,0
2025,1,13,5,"Cabrera, Fernando (ID:1256-P)",1256,(14),N,,348,370,33015.4,25265,3,35,3400,337,27040.4,201320,234899.76,P,1,1050,1050,0
2025,1,13,5,"Cambry, Yvette (ID:2868-NP) *",2868,(40),Y,,0,0,0,0,0,0,0,0,0,0,0,NP,0,0,1050,0
2025,1,13,5,"Carr, David (ID:2382-P)",2382,(50),N,,235,306,47800,20872,0,0,0,195,24425,149745,69160.66,P,3,3150,1050,0
2025,1,13,5,"Carter-Williams, Jozette (ID:2896-P) *",2896,(49),Y,,165,193,11795,8575,0,0,0,155,9295,0,11429.92,P,1,1050,1050,6800
2025,1,13,5,"Caruso, Alexander (ID:2885-P)",2885,(19),N,,190,215,10581.2,8289,0,0,0,176,9054,62032,73421.23,P,0,0,1050,6253.39
2025,1,13,5,"Castellanos, Francesca (ID:DT-NP)",DT,(10),N,,0,0,0,0,0,0,0,0,0,0,0,NP,0,0,1050,0
2025,1,13,5,"Chan, Jerry (ID:2925-P) *",2925,(43),Y,,68,70,7916,6056,0,0,0,66,6816,0,1239.86,P,0,0,1050,0
2025,1,13,5,"Chou, Benjamin (ID:2973-P)",2973,(19),N,,929,1183,55765.01,45786,0,0,0,917,51605.01,211119,230335.27,P,0,0,1050,12000
2025,1,13,5,"Chou, Joseph (ID:3027-NP)",3027,(20),N,,0,0,0,0,0,0,0,0,0,0,0,NP,0,0,1050,0
2025,1,13,5,"Chow, Bernard (ID:2788-P)",2788,(23),N,,260,275,19020,18853,0,0,0,260,19020,98173,54509.86,P,0,0,1050,0
2025,1,13,5,"Chung, Youn (ID:2964-NP) *",2964,(19),Y,,24,26,22235,0,0,0,0,23,2060,0,22365,NP,1,20175,1050,0
2025,1,13,5,"Clarke, Athena (ID:2996-P)",2996,(46),N,,288,303,17050,9960,0,0,0,272,10290,41914,16265.74,P,3,3150,1050,70616.4
2025,1,13,5,"Cleary, Justin (ID:3019-P) *",3019,(02),Y,,0,0,0,0,0,0,0,0,0,0,0,P,0,0,1050,0
2025,1,13,5,"Coleman, Jess (ID:2874-P)",2874,(01),N,,483,564,66514.73,33544,1,73,7598.35,439,35176.58,202667,264942.8,P,17,19525,1050,24.88
2025,1,13,5,"Colon, Federico (ID:2908-P)",2908,(08),N,,245,260,18458.13,11040,1,9,975,236,15070,77593,83601.17,P,1,2788.13,1050,13103.13
2025,1,13,5,"Colucci, Joel (ID:3020-NP)",3020,(01),N,,0,0,0,0,0,0,0,0,0,0,0,NP,0,0,1050,0
2025,1,13,5,"Creneti, Michael (ID:2951-P) *",2951,(03),Y,,0,0,0,0,0,0,0,0,0,0,0,P,0,0,1050,0
2025,1,13,5,"Cunningham, Bianca (ID:2935-P)",2935,(41),N,,351,412,31840.73,9839,0,0,0,328,14335,72912,69838.64,P,3,3635.73,1050,0.01
2025,1,13,5,"Daniels, Vera (ID:2865-NP)",2865,(27),N,,150,194,16521.29,0,0,0,0,138,5047,0,21153.58,NP,2,4453.29,1050,0
2025,1,13,5,"De La Rosa, Carmen (ID:2349-P)",2349,(10),N,,348,385,41767,16082,0,0,0,317,21342,98801,95273.81,P,10,10500,1050,1782.65
2025,1,13,5,"Diakhate, Abou (ID:2581-P)",2581,(49),N,,191,234,17789.96,12065,0,0,0,183,14364.96,90685,108076.82,P,2,2350,1050,75
2025,1,13,5,"Diaz, David (ID:2900-P)",2900,(13),N,,145,176,13822,6650,0,0,0,137,8372,53200,65852.97,P,2,2100,1050,350
2025,1,13,5,"Diaz, Elijah (ID:2966-P)",2966,(45),N,,87,92,5141,150,0,0,0,80,3591,0,1428.8,P,1,1050,1050,1433.88
2025,1,13,5,"Diaz, Rosa (ID:2954-P)",2954,(08),N,,73,77,4470,3470,0,0,0,72,3970,0,1172.82,P,0,0,1050,0
2025,1,13,5,"Dinowitz, Eric (ID:2192-P)",2192,(11),N,,320,363,88658,27468,2,44,16746,253,34413,209299,263816.85,P,36,37800,1050,0
2025,1,13,5,"Duran, Marisol (ID:3030-NP)",3030,(17),N,,0,0,0,0,0,0,0,0,0,0,0,NP,0,0,1050,0
2025,1,13,5,"Durchin, Zahava (ID:2948-P) *",2948,(44),Y,,1,1,0,100,0,0,0,0,0,0,0,P,0,0,1050,0
2025,1,13,5,"El-Gamasy, Hatem (ID:2905-P)",2905,(45),N,,177,182,6614,5839,0,0,0,172,6114,0,4663.89,P,0,0,1050,1832.5
2025,1,13,5,"Elliott, William (ID:3043-NP) *",3043,(39),Y,,0,0,0,0,0,0,0,0,0,0,0,NP,0,0,1050,0
2025,1,13,5,"Encarnacion, Elsie (ID:2843-P)",2843,(08),N,,415,501,67005.46,27106,0,0,0,376,40626,211389,260337.45,P,12,12689.46,1050,5639.46
2025,1,13,5,"Epstein, Harvey (ID:2860-P)",2860,(02),N,,761,990,98846.03,46269,4,40,4442,703,58773.91,359498,343742.99,P,12,12600,1050,0
2025,1,13,5,"Fan, Shizhe (ID:3041-NP)",3041,(01),N,,1,1,25,0,0,0,0,1,25,0,1.03,NP,0,0,1050,0
2025,1,13,5,"Farias, Amanda (ID:1945-NP)",1945,(18),N,,535,617,153302.15,0,3,24,3435.97,420,55764.18,0,58371.13,NP,32,42350,1050,0
2025,1,13,5,"Felder, Simcha (ID:313-P)",313,(44),N,,224,244,26852.06,22297,0,0,0,201,22436,101386,25216.76,P,1,1050,1050,430.06
2025,1,13,5,"Feliciano, Hector (ID:2924-P) *",2924,(08),Y,,0,0,0,0,0,0,0,0,0,0,0,P,0,0,1050,0
2025,1,13,5,"Feliz, Oswald (ID:2311-P)",2311,(15),N,,215,229,40159,12244,0,0,0,181,14124,47524,50649.26,P,14,14700,1050,0
2025,1,13,5,"Findlay, Emmanuel (ID:3037-NP)",3037,(16),N,,0,0,0,0,0,0,0,0,0,0,0,NP,0,0,1050,0
2025,1,13,5,"Florczak, Lukas (ID:2852-P)",2852,(04),N,,72,86,5732,1730,0,0,0,66,3528,0,5284.98,P,0,0,1050,0
2025,1,13,5,"Flores, Louis (ID:2853-P) *",2853,(03),Y,,21,40,1317,830,1,1,2,21,1317,0,1320.5,P,0,0,1050,0
2025,1,13,5,"Foley, Joseph (ID:3007-P)",3007,(02),N,,2,2,1304.61,0,0,0,0,1,10,0,386.69,P,0,0,1050,0
2025,1,13,5,"Fontanelli, Cristina (ID:3058-NP)",3058,(03),N,,0,0,0,0,0,0,0,0,0,0,0,NP,0,0,1050,0
2025,1,13,5,"Fossella, Griffin (ID:2982-P)",2982,(51),N,,73,75,15290,4125,0,0,0,61,9590,0,864.79,P,0,0,1050,0
2025,1,13,5,"Franco, Giovanni (ID:3050-NP)",3050,(21),N,,0,0,0,0,0,0,0,0,0,0,0,NP,0,0,1050,0
2025,1,13,5,"Frias, Ramses (ID:2926-P)",2926,(25),N,,81,97,5308,3660,0,0,0,80,4970,0,1573.68,P,0,0,1050,0
2025,1,13,5,"Fridman, Moshe (ID:2932-P) *",2932,(44),Y,,0,0,0,0,0,0,0,0,0,0,957.89,P,0,0,1050,0
2025,1,13,5,"Gates, Sabrina (ID:2489-P)",2489,(33),N,,205,214,20232,16320,0,0,0,203,18682,113688,128177.41,P,1,1050,1050,0
2025,1,13,5,"Gennaro, James (ID:283-P)",283,(24),N,,84,85,45425,6495,0,0,0,45,8775,0,39329.28,P,23,24150,1050,40
2025,1,13,5,"Gibbs, Edward (ID:878-P) *",878,(08),Y,,65,68,6000,0,0,0,0,59,3300,0,2904.27,P,2,2100,1050,0
2025,1,13,5,"Goodman, Tyreek (ID:3046-NP)",3046,(08),N,,0,0,0,0,0,0,0,0,0,0,0,NP,0,0,1050,0
2025,1,13,5,"Gordillo, Andrea (ID:2846-P)",2846,(02),N,,742,992,86456.53,37123,0,0,0,690,54514,202667,284079.13,P,6,8462.53,1050,2837.53
2025,1,13,5,"Gutierrez, Jennifer (ID:2357-P)",2357,(34),N,,101,114,15931,3352,0,0,0,89,8006,0,10644.85,P,4,4200,1050,1200
2025,1,13,5,"Hagen, Clifford (ID:2974-P)",2974,(51),N,,129,143,9459.8,7688,0,0,0,127,7959.8,49575,40990.02,P,0,0,1050,20.8
2025,1,13,5,"Hanif, Shahana (ID:2256-P)",2256,(39),N,,1024,1423,103015.4,63702,0,0,0,959,71800.06,250801,296755.17,P,12,12600,1050,508.62
2025,1,13,5,"Hankerson, Tyrell (ID:2867-P)",2867,(28),N,,402,498,67880,26866,0,0,0,355,36449,202667,216120.47,P,17,17850,1050,43453.64
2025,1,13,5,"Hanks, Kamillah (ID:1996-P)",1996,(49),N,,390,468,122810,32570,0,0,0,271,37410,165640,264819.82,P,13,13850,1050,1000
2025,1,13,5,"Haque, Shah (ID:2738-P)",2738,(25),N,,185,193,14975,10010,1,1,95,183,14975,0,14635.88,P,0,0,1050,173
2025,1,13,5,"Harris, John Maynard (ID:2946-P) *",2946,(14),Y,,1,1,26,0,0,0,0,1,26,0,0,P,0,0,1050,0
2025,1,13,5,"Harrison, Linda (ID:3005-P)",3005,(47),N,,82,83,1037,1017,0,0,0,82,1037,0,45.16,P,0,0,1050,0
2025,1,13,5,"Healy, John (ID:3038-NP)",3038,(26),N,,9,8,700,0,0,0,0,8,700,0,385.37,NP,0,0,1050,20
2025,1,13,5,"Henderson, Jamell (ID:2015-P)",2015,(41),N,,206,223,8615,6005,0,0,0,204,8115,0,7731.13,P,0,0,1050,100
2025,1,13,5,"Henriquez, Yanna (ID:2888-P)",2888,(21),N,,253,334,33279,17180,0,0,0,229,18514,108280,182177.09,P,5,7350,1050,0
2025,1,13,5,"Henry, Cecil (ID:3023-P) *",3023,(36),Y,,0,0,0,0,0,0,0,0,0,0,0,P,0,0,1050,0
2025,1,13,5,"Herbert-Guggenheim, Danielle (ID:2927-P)",2927,(11),N,,227,278,17520,9805,0,0,0,221,14109,78040,101382.7,P,0,0,1050,114.5
2025,1,13,5,"Hierrezuelo, Wilfredo (ID:3047-NP)",3047,(18),N,,0,0,0,0,0,0,0,0,0,0,0,NP,0,0,1050,0
2025,1,13,5,"Hinton, Clifton (ID:2991-P)",2991,(41),N,,121,121,6795,5095,0,0,0,121,6795,0,3817.21,P,0,0,1050,2100
2025,1,13,5,"Hitlall, Romeo (ID:2844-P)",2844,(28),N,,312,340,44907,27006,0,0,0,282,26757,202167,246011.29,P,5,5750,1050,8.58
2025,1,13,5,"Hodge Vasquez, Bryan (ID:2666-P)",2666,(14),N,,352,524,27987.69,21704,0,0,0,343,24538.91,167392,200649.69,P,0,0,1050,113.36
2025,1,13,5,"Horowitz, Jeffrey (ID:2921-P) *",2921,(51),Y,,0,0,0,0,0,0,0,0,0,0,0,P,0,0,1050,0
2025,1,13,5,"Hudson, Crystal (ID:2267-P)",2267,(35),N,,785,987,161870.85,58498,0,0,0,646,74556.74,245586,291879.1,P,27,28350,1050,18000
2025,1,13,5,"Jenkins, Vincent (ID:2730-NP)",2730,(02),N,,0,0,0,0,0,0,0,0,0,0,0,NP,0,0,1050,0
2025,1,13,5,"Jones, Natasha (ID:3036-P) *",3036,(04),Y,,0,0,0,0,0,0,0,0,0,0,0,P,0,0,1050,0
2025,1,13,5,"Joseph, Rita (ID:2246-P)",2246,(40),N,,541,762,121590.46,29290,0,0,0,432,55780.35,0,112981.88,P,17,17850,1050,0
2025,1,13,5,"Joseph, Shakur (ID:2895-P)",2895,(16),N,,235,255,17869.56,6310,0,0,0,231,9941.99,0,15633.82,P,1,7167.57,1050,5000
2025,1,13,5,"Kagan, Ari (ID:1717-P)",1717,(48),N,,396,415,36474.61,27192,0,0,0,383,27681.61,156611,154384.9,P,2,2100,1050,0
2025,1,13,5,"Kane, Nickie (ID:2740-P)",2740,(39),N,,1,1,10,10,0,0,0,1,10,0,0.59,P,0,0,1050,0
2025,1,13,5,"Kelly, Amanda (ID:2978-P) *",2978,(51),Y,,0,0,0,0,0,0,0,0,0,0,0,P,0,0,1050,0
2025,1,13,5,"Khan, Tiffany (ID:2933-P)",2933,(07),N,,207,213,12412.25,8913,0,0,0,194,9914.25,0,3532.28,P,0,2123,1050,15761.31
2025,1,13,5,"King, Andy (ID:1185-NP)",1185,(12),N,,89,102,14006,0,0,0,0,76,6181,0,14778.73,NP,3,3750,1050,4051.6
2025,1,13,5,"Kornberg, Maya (ID:2876-P)",2876,(39),N,,610,722,98150.35,38133,0,0,0,527,47597.35,202667,295408.66,P,18,18900,1050,0
2025,1,13,5,"Krishnan, Shekar (ID:2206-P)",2206,(25),N,,396,453,86982,32364,0,0,0,326,36558,236408,236498.35,P,30,31550,1050,0
2025,1,13,5,"Lara, Jacqueline (ID:2979-P)",2979,(03),N,,117,137,11702.34,6668,0,0,0,111,6623.5,53184,40464.32,P,1,1050,1050,0
2025,1,13,5,"Lee, Linda (ID:2453-P)",2453,(23),N,,311,335,45421,25005,2,60,10645,288,31896,173128,40171.41,P,4,4200,1050,0
2025,1,13,5,"LeGrand, Latoya (ID:2851-P)",2851,(28),N,,260,306,20537,13316,0,0,0,247,14757,105768,126763.61,P,0,0,1050,0
2025,1,13,5,"Lever, Kenny (ID:3035-P)",3035,(35),N,,9,10,2110,0,0,0,0,8,710,0,1421.13,P,1,1400,1050,0
2025,1,13,5,"Lewinsohn, Elizabeth (ID:2922-NP)",2922,(01),N,,234,246,915477.41,0,0,0,0,75,11657.41,0,896617.24,NP,116,893000,1050,83427.42
2025,1,13,5,"Lopez, Michael (ID:2977-P) *",2977,(30),Y,,76,77,10419,5069,0,0,0,67,4869,0,535.81,P,4,4250,1050,4000
2025,1,13,5,"Lopez, Wilfredo (ID:2850-P)",2850,(08),N,,359,404,44366.8,23467,0,0,0,311,24530.14,181816,225189.16,P,4,4200,1050,0
2025,1,13,5,"Louis, Farah (ID:2207-P)",2207,(45),N,,236,242,44279,18928,0,0,0,209,24904,45592,25109.14,P,9,10450,1050,500
2025,1,13,5,"Lutz, Gary (ID:3042-NP)",3042,(15),N,,0,0,0,0,0,0,0,0,0,0,0,NP,0,0,1050,0
2025,1,13,5,"Lynch, Lawman (ID:2845-P)",2845,(41),N,,316,429,23819.41,13806,0,0,0,300,17760.41,106326,123348.36,P,0,0,1050,15090
2025,1,13,5,"Maloney, Virginia (ID:2909-P)",2909,(04),N,,909,1142,206963.64,58037,1,2,600,733,75825.56,395101,433003.69,P,66,71900,1050,22.06
2025,1,13,5,"Marmorato, Kristy (ID:2763-P)",2763,(13),N,,377,482,61022.13,28366,0,0,0,330,33347.13,120487,38010.87,P,7,7800,1050,293.94
2025,1,13,5,"Marrero, Eddie (ID:2969-P) *",2969,(13),Y,,24,24,3945,825,0,0,0,22,1945,0,1645.69,P,0,0,1050,0
2025,1,13,5,"Marte, Christopher (ID:1987-P)",1987,(01),N,,840,964,97037.38,54966,1,9,90,768,51708,389094,341781.43,P,18,19400,1050,0
2025,1,13,5,"Martinez, Angel (ID:2824-P) *",2824,(33),Y,,0,0,0,0,0,0,0,0,0,0,0,P,0,0,1050,0
2025,1,13,5,"McGrath, Supreet (ID:2930-P) *",2930,(29),Y,,4,4,73.03,110,0,0,0,1,73.03,0,73.03,P,0,0,1050,0
2025,1,13,5,"Mealy, Darlene (ID:846-P)",846,(41),N,,227,285,26900,10595,0,0,0,201,10950,75130,66222.4,P,7,8300,1050,133.56
2025,1,13,5,"Menin, Julie (ID:1529-NP)",1529,(05),N,,1254,1521,660367.86,0,2,10,12100,705,89480.04,0,367277.64,NP,243,378764.79,1050,0
2025,1,13,5,"Merced-Bonilla, Zenobia (ID:3032-NP)",3032,(18),N,,0,0,0,0,0,0,0,0,0,0,0,NP,0,0,1050,0
2025,1,13,5,"Merchan, Mac (ID:2997-P) *",2997,(25),Y,,0,0,0,0,0,0,0,0,0,0,0,P,0,0,1050,0
2025,1,13,5,"Miller, Constance (ID:2882-P) *",2882,(28),Y,,0,0,0,0,0,0,0,0,0,0,0,P,0,0,1050,0
2025,1,13,5,"Mohan, Radhakrishna (ID:2620-P)",2620,(50),N,,185,248,18674.11,13497,0,0,0,170,12098,81259,47815.85,P,0,0,1050,426.11
2025,1,13,5,"Monserrate, Hiram (ID:272-P) *",272,(21),Y,,369,472,35849,24225,0,0,0,350,28815,0,24877.34,P,0,0,1050,476
2025,1,13,5,"Montoya, Erycka (ID:2121-P)",2121,(21),N,,496,678,46119,25928,0,0,0,474,34684,201944,243829.36,P,4,4200,1050,0
2025,1,13,5,"Morano, Frank (ID:2949-P)",2949,(51),N,,432,623,71650.94,33962,0,0,0,374,40510.46,220436,251314.24,P,5,5870,1050,3455.94
2025,1,13,5,"Morgan, Matthew (ID:2636-NP)",2636,(39),N,,0,0,1015.68,0,0,0,0,0,0,0,0,NP,0,0,1050,0
2025,1,13,5,"Muniz, Franchie (ID:3052-NP)",3052,(12),N,,0,0,0,0,0,0,0,0,0,0,0,NP,0,0,1050,0
2025,1,13,5,"Murillo, Jason (ID:2856-P)",2856,(02),N,,153,190,7138.96,5385,0,0,0,149,5663.96,0,6349.03,P,1,1050,1050,597.72
2025,1,13,5,"Narcisse, Mercedes (ID:1159-P)",1159,(46),N,,602,836,150059.68,37702,0,0,0,458,61827.34,216504,302560.27,P,27,28350,1050,1060
2025,1,13,5,"Navarro, Sandro (ID:2893-P) *",2893,(21),Y,,318,382,21511,14620,0,0,0,308,16155,106651,55722.74,P,0,0,1050,0
2025,1,13,5,"Ndolo, Nimay (ID:3018-NP) *",3018,(34),Y,,0,0,0,0,0,0,0,0,0,0,0,NP,0,0,1050,0
2025,1,13,5,"Nurse, Sandy (ID:2310-P)",2310,(37),N,,373,405,40525.08,16127,1,29,1060,350,22144.87,0,38372.46,P,8,8400,1050,0
2025,1,13,5,"Okporo, Edafe (ID:2836-P)",2836,(07),N,,663,908,58368.13,34932,0,0,0,627,41233.13,259951,317549.9,P,2,2100,1050,3000
2025,1,13,5,"Okuneff, Andrew (ID:2999-P) *",2999,(34),Y,,1,4,814.48,0,0,0,0,0,0,0,814.48,P,0,0,1050,0
2025,1,13,5,"Ortiz, Antirson (ID:2892-P)",2892,(17),N,,343,391,25014,21532,0,0,0,334,23664,170816,190898.58,P,0,0,1050,1280
2025,1,13,5,"Osse, Chi (ID:2371-P)",2371,(36),N,,1382,1532,74073.96,37430,0,0,0,1349,55525,48134,86733.63,P,7,7350,1050,0
2025,1,13,5,"Pacheco, Ricardo (ID:2750-P)",2750,(25),N,,166,247,11270,10535,0,0,0,163,10415,69863,60369.51,P,0,0,1050,0
2025,1,13,5,"Paladino, Vickie (ID:2384-P)",2384,(19),N,,522,570,146721.44,44230,1,23,8850,380,45497,192534,202939.09,P,44,46200,1050,3260.87
2025,1,13,5,"Penafort, Christopher (ID:2986-P) *",2986,(26),Y,,14,15,1084,685,0,0,0,13,785,0,986.16,P,0,0,1050,0
2025,1,13,5,"Perez Jr., Freddy (ID:2847-P)",2847,(17),N,,347,405,41411,17085,1,8,270,319,27261,126894,167973.25,P,7,7350,1050,0
2025,1,13,5,"Perez, John (ID:1927-P)",1927,(13),N,,0,0,0,0,0,0,0,0,0,0,0,P,0,0,1050,0
2025,1,13,5,"Pieters, Austin (ID:2872-P) *",2872,(27),Y,,41,42,9380,0,0,0,0,40,9380,0,281.27,P,0,0,1050,19850
2025,1,13,5,"Pinkhasov, Anzhela (ID:3001-P) *",3001,(48),Y,,9,9,665,0,0,0,0,9,665,0,665,P,0,0,1050,0
2025,1,13,5,"Pogozelski, Paul (ID:2913-P)",2913,(30),N,,265,289,25900,24373,0,0,0,264,25900,194584,220608.84,P,0,0,1050,80
2025,1,13,5,"Qiu, Helen (ID:2789-P)",2789,(01),N,,370,401,26138.91,23244,0,0,0,362,23959,96110,65898.17,P,1,1379.91,1050,8449.01
2025,1,13,5,"Quero, Luis (ID:2929-P)",2929,(38),N,,182,202,14239,9876,0,0,0,178,10714,59592,34145.68,P,3,3150,1050,0
2025,1,13,5,"Quezada, Jenniffer (ID:3017-P) *",3017,(07),Y,,0,0,0,0,0,0,0,0,0,0,0,P,0,0,1050,0
2025,1,13,5,"Reets-DuPont, Theona (ID:2916-P)",2916,(13),N,,197,206,7507,5427,0,0,0,194,6907,0,7530.03,P,0,0,1050,0
2025,1,13,5,"Restler, Lincoln (ID:2455-P)",2455,(33),N,,418,534,101473.96,30967,0,0,0,314,30930,202667,281635.34,P,22,23100,1050,293.96
2025,1,13,5,"Reyes, Nicholas (ID:2910-P)",2910,(08),N,,212,249,11691,6835,0,0,0,203,9326,50092,59940.48,P,0,0,1050,1925
2025,1,13,5,"Riley, Kevin (ID:2327-P)",2327,(12),N,,522,574,86238.12,19847,1,7,2000,453,45653.12,157543,209021.49,P,14,14700,1050,10855.94
2025,1,13,5,"Rinaldi, Jonathan (ID:2786-P)",2786,(29),N,,2,2,1226.69,100,0,0,0,1,100,0,0,P,1,1126.69,1050,1126.69
2025,1,13,5,"Rivera, Aidan (ID:2575-P) *",2575,(49),Y,,29,27,1435,615,0,0,0,25,1435,0,120.88,P,0,0,1050,174.82
2025,1,13,5,"Rivera, Joel (ID:1290-P)",1290,(13),N,,239,267,22905,17125,0,0,0,233,20505,127923,129670.63,P,1,1050,1050,22731.57
2025,1,13,5,"Robertson, Hector (ID:2367-P)",2367,(35),N,,258,266,9265,6245,0,0,0,253,7345,0,863.78,P,0,0,1050,0
2025,1,13,5,"Romeo, Dominick (ID:2904-P)",2904,(03),N,,173,196,19069,8159,0,0,0,162,9589,0,10840.56,P,2,4100,1050,0
2025,1,13,5,"Rose, Diane (ID:2970-P)",2970,(21),N,,1,2,750,0,0,0,0,0,0,0,750,P,0,0,1050,0
2025,1,13,5,"Rosenberger, Benny (ID:3033-P)",3033,(35),N,,30,30,1009.75,805,0,0,0,30,1009.75,0,103.05,P,0,0,1050,22.75
2025,1,13,5,"Ryan, Allie (ID:2622-P)",2622,(02),N,,179,234,15492.5,12082,0,0,0,171,11797.5,94736,100486.36,P,0,0,1050,0
2025,1,13,5,"Saghir, Luke (ID:2887-P) *",2887,(39),Y,,4,5,580.7,175,0,0,0,2,5.7,0,590.7,P,0,0,1050,0
2025,1,13,5,"Salaam, Yusef (ID:2756-NP)",2756,(09),N,,258,278,32005,0,0,0,0,238,18205,0,25767,NP,5,5350,1050,12550
2025,1,13,5,"Sanchez, Elizabeth (ID:2919-P) *",2919,(09),Y,,25,24,2173,1023,0,0,0,23,1173,0,567.3,P,0,0,1050,315.74
2025,1,13,5,"Sanchez, Justin (ID:2029-P)",2029,(17),N,,533,673,82342.11,30397,1,22,240,478,43233.99,227812,306732.81,P,22,23100,1050,17750
2025,1,13,5,"Sanchez, Pierina (ID:2348-P)",2348,(14),N,,727,847,101802.86,36575,0,0,0,652,50452.86,202667,285559.66,P,21,22225,1050,10
2025,1,13,5,"Santana, Elvis (ID:2057-P)",2057,(17),N,,389,450,44841,26179,12,71,4000,371,34491,202667,243444.5,P,2,2775,1050,0
2025,1,13,5,"Santana, Raymond (ID:2984-P)",2984,(08),N,,291,302,31735,12460,0,0,0,273,17585,88160,118488.39,P,9,12500,1050,7000
2025,1,13,5,"Santosuosso, Kayla (ID:2918-P)",2918,(47),N,,635,821,79254.23,47448,0,0,0,577,53109.23,250530,281241.42,P,5,5250,1050,1390.14
2025,1,13,5,"Sapaskis, Stylo (ID:3026-NP)",3026,(11),N,,0,0,0,0,0,0,0,0,0,0,0,NP,0,0,1050,0
2025,1,13,5,"Sarantopoulos, George (ID:2972-P)",2972,(47),N,,447,487,57795.57,51210,1,7,220,425,51215.57,225309,272964.03,P,0,0,1050,9100.02
2025,1,13,5,"Schargel, Gail (ID:2928-NP)",2928,(02),N,,2,8,32000,0,0,0,0,0,0,0,32396.09,NP,1,32000,1050,10
2025,1,13,5,"Schulman, Lynn (ID:433-P)",433,(29),N,,496,586,124840,33644,0,0,0,398,55720,192534,110860.32,P,37,39025,1050,4722.28
2025,1,13,5,"Seals, Tina (ID:2967-NP) *",2967,(01),Y,,0,0,0,0,0,0,0,0,0,0,0,NP,0,0,1050,0
2025,1,13,5,"Serrano, Christina (ID:2983-P) *",2983,(41),Y,,6,7,458,305,0,0,0,6,458,0,152,P,0,0,1050,0
2025,1,13,5,"Shaffer, Yehuda (ID:3031-P)",3031,(41),N,,156,167,8773.12,8332,0,0,0,151,8773.12,41618,20666.36,P,0,0,1050,5000
2025,1,13,5,"Shea, John (ID:2998-P)",2998,(49),N,,205,238,22935,16555,0,0,0,198,17740,84246,39391.77,P,1,3000,1050,0
2025,1,13,5,"Singh, Japneet (ID:2639-P)",2639,(28),N,,363,383,31963,28591,0,0,0,351,30763,202667,216098.69,P,0,0,1050,12856.5
2025,1,13,5,"Smyth, Dermot (ID:2871-P)",2871,(30),N,,359,392,88096.18,25513,0,0,0,291,30373,202667,272184.49,P,41,43050,1050,0
2025,1,13,5,"Spiak, Peter (ID:2915-P) *",2915,(38),Y,,1,4,180.2,0,0,0,0,1,180.2,0,180.2,P,0,0,1050,0
2025,1,13,5,"Springs, Gordon (ID:2961-P) *",2961,(07),Y,,1,1,100,100,0,0,0,1,100,0,0,P,0,0,1050,0
2025,1,13,5,"Stevens, Althea (ID:2259-NP)",2259,(16),N,,154,164,30104,0,0,0,0,135,15654,0,22798.3,NP,8,9100,1050,0
2025,1,13,5,"Storch, Rachel (ID:2859-NP)",2859,(04),N,,989,1370,502350.84,0,0,0,0,571,79943.75,0,501016.32,NP,191,290440.72,1050,0
2025,1,13,5,"Swiney, Reginald (ID:1573-NP)",1573,(36),N,,7,8,578,0,0,0,0,7,578,0,170,NP,0,0,1050,0
2025,1,13,5,"Teichman, Isaac (ID:3039-NP) *",3039,(24),Y,,0,0,0,0,0,0,0,0,0,0,0,NP,0,0,1050,0
2025,1,13,5,"Thomas-Henry, Shanel (ID:2923-P)",2923,(21),N,,526,617,96172,33086,0,0,0,465,53417,223368,275775.24,P,22,23100,1050,0
2025,1,13,5,"Thompson, Collin (ID:2917-P)",2917,(05),N,,98,116,7370.96,3093,0,0,0,94,5664.22,0,82858.37,P,0,0,1050,65.33
2025,1,13,5,"Thompson, Jammel (ID:2889-P)",2889,(41),N,,156,179,28408.02,8270,0,0,0,151,8999.68,0,27.81,P,1,17300,1050,19673.02
2025,1,13,5,"Tischler, Harold (ID:2183-P)",2183,(44),N,,276,285,30601,27688,0,0,0,266,28178,192367,121579.71,P,0,0,1050,4950
2025,1,13,5,"Torres, Jacqueline (ID:2950-P)",2950,(13),N,,153,156,13254,9304,0,0,0,152,12254,68880,84096.37,P,0,0,1050,0
2025,1,13,5,"Trafficante, Liliana (ID:2939-P)",2939,(13),N,,3,3,250,0,0,0,0,3,250,0,0,P,0,0,1050,0
2025,1,13,5,"Ung, Sandra (ID:2343-P)",2343,(20),N,,391,416,79812.26,25655,8,263,37336.26,331,38951,192534,68520.62,P,12,12600,1050,0
2025,1,13,5,"Uribe, Jasmine (ID:2907-P) *",2907,(17),Y,,24,28,3895.55,825,0,0,0,21,1600,0,881.96,P,2,2295.55,1050,450
2025,1,13,5,"Usmanov, Fedir (ID:2976-P)",2976,(47),N,,187,191,15500,15125,0,0,0,185,15500,114600,115836.05,P,0,0,1050,765
2025,1,13,5,"Vaichunas, Alicia (ID:2940-P)",2940,(30),N,,355,403,36710,26880,0,0,0,339,28735,176662,57965.48,P,2,2100,1050,0
2025,1,13,5,"Vernikov, Inna (ID:2423-P)",2423,(48),N,,316,347,45141.98,25929,0,0,0,289,28091.98,179196,205141.06,P,6,6300,1050,0
2025,1,13,5,"Wang, Allen (ID:2956-P)",2956,(20),N,,173,182,14289.57,9518,0,0,0,160,11964.57,0,28495.75,P,1,1050,1050,27500
2025,1,13,5,"Wang, Steven (ID:3025-P)",3025,(20),N,,196,217,11725,10800,0,0,0,196,11725,70034,46139.64,P,0,0,1050,0
2025,1,13,5,"Washington-Ward, James (ID:3029-NP)",3029,(12),N,,0,0,0,0,0,0,0,0,0,0,0,NP,0,0,1050,0
2025,1,13,5,"Wedderburn, Sharon (ID:2586-P) *",2586,(35),Y,,9,6,1100,0,0,0,0,6,1100,0,0,P,0,0,1050,156.36
2025,1,13,5,"Weiner, Anthony (ID:BB-P)",BB,(02),N,,273,291,56043,23708,2,11,3500,235,25168,189264,230655.97,P,14,14700,1050,0
2025,1,13,5,"Wetzler, Benjamin (ID:2848-P)",2848,(04),N,,487,686,89537.67,40838,0,0,0,406,33416.05,201617,285781.81,P,24,28255.47,1050,1944.47
2025,1,13,5,"Wilkinson, Amanda (ID:2989-P) *",2989,(07),Y,,0,0,0,0,0,0,0,0,0,0,0,P,0,0,1050,0
2025,1,13,5,"Willabus, Dimple (ID:2274-P)",2274,(46),N,,327,366,32532,19140,0,0,0,303,20896,140040,171227.21,P,0,0,1050,590.59
2025,1,13,5,"Williams, Jomo (ID:1846-P)",1846,(07),N,,3,3,138.26,0,0,0,0,2,138.26,0,137.26,P,0,0,1050,46.35
2025,1,13,5,"Williams, Nantasha (ID:2285-NP)",2285,(27),N,,417,504,85144,0,1,4,400,349,41645,0,71181.69,NP,13,14100,1050,0
2025,1,13,5,"Wills, Ruben (ID:1374-P)",1374,(28),N,,186,185,14440,11800,0,0,0,181,13940,82720,96298.54,P,0,0,1050,30300
2025,1,13,5,"Wilson, Evette (ID:2962-P) *",2962,(14),Y,,0,0,0,0,0,0,0,0,0,0,0,P,0,0,1050,0
2025,1,13,5,"Won, Julie (ID:2380-P)",2380,(26),N,,279,297,74657,19187,0,0,0,211,17608,0,62187.83,P,39,40950,1050,750
2025,1,13,5,"Wong, Phil (ID:2942-P)",2942,(30),N,,556,651,56015,48480,0,0,0,518,47430,278766,215828.26,P,0,0,1050,17224.36
2025,1,13,5,"Ye, Ling (ID:2937-P)",2937,(38),N,,410,414,37900,25530,5,61,610,379,26215,202640,209469.88,P,7,7350,1050,17559.51
2025,1,13,5,"Yu, Eric (ID:2938-P)",2938,(01),N,,137,147,11645,6644,0,0,0,129,6720,53152,48892.91,P,1,1050,1050,0
2025,1,13,5,"Zayas, Evette (ID:2944-P) *",2944,(08),Y,,24,23,865,790,0,0,0,23,865,0,847,P,0,0,1050,8
2025,1,13,5,"Zhuang, Susan (ID:2758-P)",2758,(43),N,,561,618,92579.93,54467,0,0,0,493,50982.93,0,62349.15,P,8,8400,1050,0
2025,1,13,5,"Zulfiqar, Namra (ID:2987-P) *",2987,(48),Y,,0,0,0,0,0,0,0,0,0,0,0,P,0,0,1050,0
